[{"model": "admin.logentry", "pk": 1, "fields": {"action_time": "2023-08-09T15:06:12.207Z", "user": 1, "content_type": 9, "object_id": "1", "object_repr": "Paris", "action_flag": 1, "change_message": "[{\"added\": {}}]"}}, {"model": "admin.logentry", "pk": 2, "fields": {"action_time": "2023-08-09T15:06:27.439Z", "user": 1, "content_type": 9, "object_id": "2", "object_repr": "Berlin", "action_flag": 1, "change_message": "[{\"added\": {}}]"}}, {"model": "admin.logentry", "pk": 3, "fields": {"action_time": "2023-08-09T15:06:46.160Z", "user": 1, "content_type": 9, "object_id": "3", "object_repr": "Rome", "action_flag": 1, "change_message": "[{\"added\": {}}]"}}, {"model": "admin.logentry", "pk": 4, "fields": {"action_time": "2023-08-09T15:07:01.486Z", "user": 1, "content_type": 9, "object_id": "4", "object_repr": "Madrid", "action_flag": 1, "change_message": "[{\"added\": {}}]"}}, {"model": "admin.logentry", "pk": 5, "fields": {"action_time": "2023-08-09T15:07:16.193Z", "user": 1, "content_type": 9, "object_id": "5", "object_repr": "Amsterdam", "action_flag": 1, "change_message": "[{\"added\": {}}]"}}, {"model": "admin.logentry", "pk": 6, "fields": {"action_time": "2023-08-09T15:07:33.668Z", "user": 1, "content_type": 9, "object_id": "6", "object_repr": "Vienna", "action_flag": 1, "change_message": "[{\"added\": {}}]"}}, {"model": "admin.logentry", "pk": 7, "fields": {"action_time": "2023-08-09T15:07:50.988Z", "user": 1, "content_type": 9, "object_id": "7", "object_repr": "Zurich", "action_flag": 1, "change_message": "[{\"added\": {}}]"}}, {"model": "admin.logentry", "pk": 8, "fields": {"action_time": "2023-08-09T15:08:04.591Z", "user": 1, "content_type": 9, "object_id": "8", "object_repr": "Stockholm", "action_flag": 1, "change_message": "[{\"added\": {}}]"}}, {"model": "admin.logentry", "pk": 9, "fields": {"action_time": "2023-08-09T15:08:30.266Z", "user": 1, "content_type": 10, "object_id": "1", "object_repr": "Passenger", "action_flag": 1, "change_message": "[{\"added\": {}}]"}}, {"model": "admin.logentry", "pk": 10, "fields": {"action_time": "2023-08-09T15:08:31.484Z", "user": 1, "content_type": 10, "object_id": "2", "object_repr": "Freight", "action_flag": 1, "change_message": "[{\"added\": {}}]"}}, {"model": "admin.logentry", "pk": 11, "fields": {"action_time": "2023-08-09T15:08:49.500Z", "user": 1, "content_type": 6, "object_id": "1", "object_repr": "John Doe", "action_flag": 1, "change_message": "[{\"added\": {}}]"}}, {"model": "admin.logentry", "pk": 12, "fields": {"action_time": "2023-08-09T15:09:02.967Z", "user": 1, "content_type": 6, "object_id": "2", "object_repr": "Jane Smith", "action_flag": 1, "change_message": "[{\"added\": {}}]"}}, {"model": "admin.logentry", "pk": 13, "fields": {"action_time": "2023-08-09T15:10:20.443Z", "user": 1, "content_type": 11, "object_id": "1", "object_repr": "Eurostar", "action_flag": 1, "change_message": "[{\"added\": {}}]"}}, {"model": "admin.logentry", "pk": 14, "fields": {"action_time": "2023-08-09T15:10:53.903Z", "user": 1, "content_type": 11, "object_id": "2", "object_repr": "Thalys", "action_flag": 1, "change_message": "[{\"added\": {}}]"}}, {"model": "admin.logentry", "pk": 15, "fields": {"action_time": "2023-08-09T15:11:10.903Z", "user": 1, "content_type": 11, "object_id": "3", "object_repr": "TGV", "action_flag": 1, "change_message": "[{\"added\": {}}]"}}, {"model": "admin.logentry", "pk": 16, "fields": {"action_time": "2023-08-09T15:11:26.196Z", "user": 1, "content_type": 11, "object_id": "4", "object_repr": "ICE", "action_flag": 1, "change_message": "[{\"added\": {}}]"}}, {"model": "admin.logentry", "pk": 17, "fields": {"action_time": "2023-08-09T15:11:37.675Z", "user": 1, "content_type": 11, "object_id": "5", "object_repr": "Intercity", "action_flag": 1, "change_message": "[{\"added\": {}}]"}}, {"model": "admin.logentry", "pk": 18, "fields": {"action_time": "2023-08-09T15:11:47.256Z", "user": 1, "content_type": 11, "object_id": "1", "object_repr": "Eurostar", "action_flag": 2, "change_message": "[{\"changed\": {\"fields\": [\"Places in cargo\"]}}]"}}, {"model": "admin.logentry", "pk": 19, "fields": {"action_time": "2023-08-09T15:12:31.545Z", "user": 1, "content_type": 6, "object_id": "3", "object_repr": "Michael Johnson", "action_flag": 1, "change_message": "[{\"added\": {}}]"}}, {"model": "admin.logentry", "pk": 20, "fields": {"action_time": "2023-08-09T15:12:38.132Z", "user": 1, "content_type": 6, "object_id": "4", "object_repr": "Emily Williams", "action_flag": 1, "change_message": "[{\"added\": {}}]"}}, {"model": "admin.logentry", "pk": 21, "fields": {"action_time": "2023-08-09T15:12:47.361Z", "user": 1, "content_type": 6, "object_id": "5", "object_repr": "David Brown", "action_flag": 1, "change_message": "[{\"added\": {}}]"}}, {"model": "admin.logentry", "pk": 22, "fields": {"action_time": "2023-08-09T15:15:33.816Z", "user": 1, "content_type": 13, "object_id": "1", "object_repr": "Stockholm to Amsterdam", "action_flag": 1, "change_message": "[{\"added\": {}}]"}}, {"model": "admin.logentry", "pk": 23, "fields": {"action_time": "2023-08-09T15:15:44.584Z", "user": 1, "content_type": 13, "object_id": "2", "object_repr": "Zurich to Vienna", "action_flag": 1, "change_message": "[{\"added\": {}}]"}}, {"model": "admin.logentry", "pk": 24, "fields": {"action_time": "2023-08-09T15:15:54.485Z", "user": 1, "content_type": 13, "object_id": "3", "object_repr": "Vienna to Rome", "action_flag": 1, "change_message": "[{\"added\": {}}]"}}, {"model": "admin.logentry", "pk": 25, "fields": {"action_time": "2023-08-09T15:16:06.086Z", "user": 1, "content_type": 13, "object_id": "4", "object_repr": "Amsterdam to Madrid", "action_flag": 1, "change_message": "[{\"added\": {}}]"}}, {"model": "admin.logentry", "pk": 26, "fields": {"action_time": "2023-08-09T15:16:14.672Z", "user": 1, "content_type": 13, "object_id": "5", "object_repr": "Madrid to Paris", "action_flag": 1, "change_message": "[{\"added\": {}}]"}}, {"model": "admin.logentry", "pk": 27, "fields": {"action_time": "2023-08-09T15:16:28.817Z", "user": 1, "content_type": 13, "object_id": "6", "object_repr": "Paris to Berlin", "action_flag": 1, "change_message": "[{\"added\": {}}]"}}, {"model": "admin.logentry", "pk": 28, "fields": {"action_time": "2023-08-09T15:17:37.588Z", "user": 1, "content_type": 7, "object_id": "1", "object_repr": "Stockholm to Amsterdam by Eurostar", "action_flag": 1, "change_message": "[{\"added\": {}}]"}}, {"model": "admin.logentry", "pk": 29, "fields": {"action_time": "2023-08-09T15:18:09.736Z", "user": 1, "content_type": 7, "object_id": "2", "object_repr": "Zurich to Vienna by Thalys", "action_flag": 1, "change_message": "[{\"added\": {}}]"}}, {"model": "admin.logentry", "pk": 30, "fields": {"action_time": "2023-08-09T15:18:28.703Z", "user": 1, "content_type": 7, "object_id": "3", "object_repr": "Vienna to Rome by TGV", "action_flag": 1, "change_message": "[{\"added\": {}}]"}}, {"model": "admin.logentry", "pk": 31, "fields": {"action_time": "2023-08-09T15:18:47.304Z", "user": 1, "content_type": 7, "object_id": "4", "object_repr": "Amsterdam to Madrid by ICE", "action_flag": 1, "change_message": "[{\"added\": {}}]"}}, {"model": "admin.logentry", "pk": 32, "fields": {"action_time": "2023-08-09T15:19:12.016Z", "user": 1, "content_type": 7, "object_id": "5", "object_repr": "Madrid to Paris by Intercity", "action_flag": 1, "change_message": "[{\"added\": {}}]"}}, {"model": "admin.logentry", "pk": 33, "fields": {"action_time": "2023-08-09T15:19:35.995Z", "user": 1, "content_type": 7, "object_id": "6", "object_repr": "Paris to Berlin by Eurostar", "action_flag": 1, "change_message": "[{\"added\": {}}]"}}, {"model": "admin.logentry", "pk": 34, "fields": {"action_time": "2023-08-09T20:30:02.502Z", "user": 1, "content_type": 8, "object_id": "2", "object_repr": "N.2", "action_flag": 1, "change_message": "[{\"added\": {}}, {\"added\": {\"name\": \"ticket\", \"object\": \"Seat: 2 to Kyiv to Berlin by Eurostar\"}}]"}}, {"model": "admin.logentry", "pk": 35, "fields": {"action_time": "2023-08-10T18:31:50.387Z", "user": 1, "content_type": 14, "object_id": "2", "object_repr": "test", "action_flag": 1, "change_message": "[{\"added\": {}}]"}}, {"model": "admin.logentry", "pk": 36, "fields": {"action_time": "2023-08-10T18:40:46.259Z", "user": 1, "content_type": 8, "object_id": "3", "object_repr": "N.3", "action_flag": 1, "change_message": "[{\"added\": {}}, {\"added\": {\"name\": \"ticket\", \"object\": \"Ticket object (5)\"}}, {\"added\": {\"name\": \"ticket\", \"object\": \"Ticket object (6)\"}}]"}}, {"model": "admin.logentry", "pk": 37, "fields": {"action_time": "2023-08-10T19:51:11.113Z", "user": 1, "content_type": 7, "object_id": "8", "object_repr": "Kyiv to Berlin Eurostar", "action_flag": 1, "change_message": "[{\"added\": {}}]"}}, {"model": "admin.logentry", "pk": 38, "fields": {"action_time": "2023-09-10T16:29:50.813Z", "user": 1, "content_type": 14, "object_id": "3", "object_repr": "passanger1@mail.com", "action_flag": 2, "change_message": "[{\"changed\": {\"fields\": [\"Staff status\"]}}]"}}, {"model": "admin.logentry", "pk": 39, "fields": {"action_time": "2023-09-10T16:29:59.146Z", "user": 1, "content_type": 14, "object_id": "6", "object_repr": "passanger4@mail.com", "action_flag": 2, "change_message": "[{\"changed\": {\"fields\": [\"Staff status\"]}}]"}}, {"model": "auth.permission", "pk": 1, "fields": {"name": "Can add log entry", "content_type": 1, "codename": "add_logentry"}}, {"model": "auth.permission", "pk": 2, "fields": {"name": "Can change log entry", "content_type": 1, "codename": "change_logentry"}}, {"model": "auth.permission", "pk": 3, "fields": {"name": "Can delete log entry", "content_type": 1, "codename": "delete_logentry"}}, {"model": "auth.permission", "pk": 4, "fields": {"name": "Can view log entry", "content_type": 1, "codename": "view_logentry"}}, {"model": "auth.permission", "pk": 5, "fields": {"name": "Can add permission", "content_type": 2, "codename": "add_permission"}}, {"model": "auth.permission", "pk": 6, "fields": {"name": "Can change permission", "content_type": 2, "codename": "change_permission"}}, {"model": "auth.permission", "pk": 7, "fields": {"name": "Can delete permission", "content_type": 2, "codename": "delete_permission"}}, {"model": "auth.permission", "pk": 8, "fields": {"name": "Can view permission", "content_type": 2, "codename": "view_permission"}}, {"model": "auth.permission", "pk": 9, "fields": {"name": "Can add group", "content_type": 3, "codename": "add_group"}}, {"model": "auth.permission", "pk": 10, "fields": {"name": "Can change group", "content_type": 3, "codename": "change_group"}}, {"model": "auth.permission", "pk": 11, "fields": {"name": "Can delete group", "content_type": 3, "codename": "delete_group"}}, {"model": "auth.permission", "pk": 12, "fields": {"name": "Can view group", "content_type": 3, "codename": "view_group"}}, {"model": "auth.permission", "pk": 13, "fields": {"name": "Can add content type", "content_type": 4, "codename": "add_contenttype"}}, {"model": "auth.permission", "pk": 14, "fields": {"name": "Can change content type", "content_type": 4, "codename": "change_contenttype"}}, {"model": "auth.permission", "pk": 15, "fields": {"name": "Can delete content type", "content_type": 4, "codename": "delete_contenttype"}}, {"model": "auth.permission", "pk": 16, "fields": {"name": "Can view content type", "content_type": 4, "codename": "view_contenttype"}}, {"model": "auth.permission", "pk": 17, "fields": {"name": "Can add session", "content_type": 5, "codename": "add_session"}}, {"model": "auth.permission", "pk": 18, "fields": {"name": "Can change session", "content_type": 5, "codename": "change_session"}}, {"model": "auth.permission", "pk": 19, "fields": {"name": "Can delete session", "content_type": 5, "codename": "delete_session"}}, {"model": "auth.permission", "pk": 20, "fields": {"name": "Can view session", "content_type": 5, "codename": "view_session"}}, {"model": "auth.permission", "pk": 21, "fields": {"name": "Can add crew", "content_type": 6, "codename": "add_crew"}}, {"model": "auth.permission", "pk": 22, "fields": {"name": "Can change crew", "content_type": 6, "codename": "change_crew"}}, {"model": "auth.permission", "pk": 23, "fields": {"name": "Can delete crew", "content_type": 6, "codename": "delete_crew"}}, {"model": "auth.permission", "pk": 24, "fields": {"name": "Can view crew", "content_type": 6, "codename": "view_crew"}}, {"model": "auth.permission", "pk": 25, "fields": {"name": "Can add journey", "content_type": 7, "codename": "add_journey"}}, {"model": "auth.permission", "pk": 26, "fields": {"name": "Can change journey", "content_type": 7, "codename": "change_journey"}}, {"model": "auth.permission", "pk": 27, "fields": {"name": "Can delete journey", "content_type": 7, "codename": "delete_journey"}}, {"model": "auth.permission", "pk": 28, "fields": {"name": "Can view journey", "content_type": 7, "codename": "view_journey"}}, {"model": "auth.permission", "pk": 29, "fields": {"name": "Can add order", "content_type": 8, "codename": "add_order"}}, {"model": "auth.permission", "pk": 30, "fields": {"name": "Can change order", "content_type": 8, "codename": "change_order"}}, {"model": "auth.permission", "pk": 31, "fields": {"name": "Can delete order", "content_type": 8, "codename": "delete_order"}}, {"model": "auth.permission", "pk": 32, "fields": {"name": "Can view order", "content_type": 8, "codename": "view_order"}}, {"model": "auth.permission", "pk": 33, "fields": {"name": "Can add station", "content_type": 9, "codename": "add_station"}}, {"model": "auth.permission", "pk": 34, "fields": {"name": "Can change station", "content_type": 9, "codename": "change_station"}}, {"model": "auth.permission", "pk": 35, "fields": {"name": "Can delete station", "content_type": 9, "codename": "delete_station"}}, {"model": "auth.permission", "pk": 36, "fields": {"name": "Can view station", "content_type": 9, "codename": "view_station"}}, {"model": "auth.permission", "pk": 37, "fields": {"name": "Can add train type", "content_type": 10, "codename": "add_traintype"}}, {"model": "auth.permission", "pk": 38, "fields": {"name": "Can change train type", "content_type": 10, "codename": "change_traintype"}}, {"model": "auth.permission", "pk": 39, "fields": {"name": "Can delete train type", "content_type": 10, "codename": "delete_traintype"}}, {"model": "auth.permission", "pk": 40, "fields": {"name": "Can view train type", "content_type": 10, "codename": "view_traintype"}}, {"model": "auth.permission", "pk": 41, "fields": {"name": "Can add train", "content_type": 11, "codename": "add_train"}}, {"model": "auth.permission", "pk": 42, "fields": {"name": "Can change train", "content_type": 11, "codename": "change_train"}}, {"model": "auth.permission", "pk": 43, "fields": {"name": "Can delete train", "content_type": 11, "codename": "delete_train"}}, {"model": "auth.permission", "pk": 44, "fields": {"name": "Can view train", "content_type": 11, "codename": "view_train"}}, {"model": "auth.permission", "pk": 45, "fields": {"name": "Can add ticket", "content_type": 12, "codename": "add_ticket"}}, {"model": "auth.permission", "pk": 46, "fields": {"name": "Can change ticket", "content_type": 12, "codename": "change_ticket"}}, {"model": "auth.permission", "pk": 47, "fields": {"name": "Can delete ticket", "content_type": 12, "codename": "delete_ticket"}}, {"model": "auth.permission", "pk": 48, "fields": {"name": "Can view ticket", "content_type": 12, "codename": "view_ticket"}}, {"model": "auth.permission", "pk": 49, "fields": {"name": "Can add route", "content_type": 13, "codename": "add_route"}}, {"model": "auth.permission", "pk": 50, "fields": {"name": "Can change route", "content_type": 13, "codename": "change_route"}}, {"model": "auth.permission", "pk": 51, "fields": {"name": "Can delete route", "content_type": 13, "codename": "delete_route"}}, {"model": "auth.permission", "pk": 52, "fields": {"name": "Can view route", "content_type": 13, "codename": "view_route"}}, {"model": "auth.permission", "pk": 53, "fields": {"name": "Can add user", "content_type": 14, "codename": "add_user"}}, {"model": "auth.permission", "pk": 54, "fields": {"name": "Can change user", "content_type": 14, "codename": "change_user"}}, {"model": "auth.permission", "pk": 55, "fields": {"name": "Can delete user", "content_type": 14, "codename": "delete_user"}}, {"model": "auth.permission", "pk": 56, "fields": {"name": "Can view user", "content_type": 14, "codename": "view_user"}}, {"model": "contenttypes.contenttype", "pk": 1, "fields": {"app_label": "admin", "model": "logentry"}}, {"model": "contenttypes.contenttype", "pk": 2, "fields": {"app_label": "auth", "model": "permission"}}, {"model": "contenttypes.contenttype", "pk": 3, "fields": {"app_label": "auth", "model": "group"}}, {"model": "contenttypes.contenttype", "pk": 4, "fields": {"app_label": "contenttypes", "model": "contenttype"}}, {"model": "contenttypes.contenttype", "pk": 5, "fields": {"app_label": "sessions", "model": "session"}}, {"model": "contenttypes.contenttype", "pk": 6, "fields": {"app_label": "station", "model": "crew"}}, {"model": "contenttypes.contenttype", "pk": 7, "fields": {"app_label": "station", "model": "journey"}}, {"model": "contenttypes.contenttype", "pk": 8, "fields": {"app_label": "station", "model": "order"}}, {"model": "contenttypes.contenttype", "pk": 9, "fields": {"app_label": "station", "model": "station"}}, {"model": "contenttypes.contenttype", "pk": 10, "fields": {"app_label": "station", "model": "traintype"}}, {"model": "contenttypes.contenttype", "pk": 11, "fields": {"app_label": "station", "model": "train"}}, {"model": "contenttypes.contenttype", "pk": 12, "fields": {"app_label": "station", "model": "ticket"}}, {"model": "contenttypes.contenttype", "pk": 13, "fields": {"app_label": "station", "model": "route"}}, {"model": "contenttypes.contenttype", "pk": 14, "fields": {"app_label": "user", "model": "user"}}, {"model": "sessions.session", "pk": "1p2o3fabnb4re0dmegl7bmgyvd2182tr", "fields": {"session_data": ".eJxVjMsOwiAUBf-FtSEUrhVcuu83kPsAWzWQlHZl_HfbpAvdzsw5bxVxXca4tjTHSdRVder0ywj5mcou5IHlXjXXsswT6T3Rh216qJJet6P9OxixjdvaI4oFZ9i6s3fAwQECBrLZ8oapzxwgkLDrA-TgE0mXM2RDSKa_iPp8AeCSOF0:1qfN9S:TvvJOZGNu2ixa4A2DbygMsGciEUsJFVjzawwX9ZxMD0", "expire_date": "2023-09-24T16:19:10.467Z"}}, {"model": "sessions.session", "pk": "dends57bmx8czcpv7t0iavouynpxq0ek", "fields": {"session_data": ".eJxVjEsOwjAMBe-SNYriuG0Sluw5Q-XYDimgVupnhbg7VOoCtm9m3sv0tK213xad-0HM2YA5_W6Z-KHjDuRO422yPI3rPGS7K_agi71Oos_L4f4dVFrqt25aryBNCCqMiowhsPdMEn2CzmGbPaGLgF5YcyxdiiEBApWiAMWZ9wfXrTeY:1qTkk5:8vf9NXAbZu-MXqfOzm60I2CHKDIMVmHFZ4BRIxw70G4", "expire_date": "2023-08-23T15:04:57.689Z"}}, {"model": "sessions.session", "pk": "x36815r0cck7wrka5yr9pqgwqp8qc3qq", "fields": {"session_data": ".eJxVjEsOwjAMBe-SNYriuG0Sluw5Q-XYDimgVupnhbg7VOoCtm9m3sv0tK213xad-0HM2YA5_W6Z-KHjDuRO422yPI3rPGS7K_agi71Oos_L4f4dVFrqt25aryBNCCqMiowhsPdMEn2CzmGbPaGLgF5YcyxdiiEBApWiAMWZ9wfXrTeY:1qUDlm:E8mxHHrNx_MXfRPgzdWpKqls6eXLbIrpwjqTLC_Gmao", "expire_date": "2023-08-24T22:04:38.119Z"}}, {"model": "station.station", "pk": 1, "fields": {"name": "Paris", "latitude": 48.8566, "longitude": 2.3522}}, {"model": "station.station", "pk": 2, "fields": {"name": "Berlin", "latitude": 52.52, "longitude": 13.405}}, {"model": "station.station", "pk": 3, "fields": {"name": "Rome", "latitude": 41.9028, "longitude": 12.4964}}, {"model": "station.station", "pk": 4, "fields": {"name": "Madrid", "latitude": 40.4168, "longitude": -3.7038}}, {"model": "station.station", "pk": 5, "fields": {"name": "Amsterdam", "latitude": 52.3676, "longitude": 4.9041}}, {"model": "station.station", "pk": 6, "fields": {"name": "Vienna", "latitude": 48.2082, "longitude": 16.3738}}, {"model": "station.station", "pk": 7, "fields": {"name": "Zurich", "latitude": 47.3769, "longitude": 8.5417}}, {"model": "station.station", "pk": 8, "fields": {"name": "Stockholm", "latitude": 59.3293, "longitude": 18.0686}}, {"model": "station.station", "pk": 9, "fields": {"name": "Kyiv", "latitude": 50.4501, "longitude": 30.5234}}, {"model": "station.station", "pk": 10, "fields": {"name": "string", "latitude": 0.0, "longitude": 0.0}}, {"model": "station.route", "pk": 1, "fields": {"source": 8, "destination": 5, "distance": 1200}}, {"model": "station.route", "pk": 2, "fields": {"source": 7, "destination": 6, "distance": 700}}, {"model": "station.route", "pk": 3, "fields": {"source": 6, "destination": 3, "distance": 1000}}, {"model": "station.route", "pk": 4, "fields": {"source": 5, "destination": 4, "distance": 1600}}, {"model": "station.route", "pk": 5, "fields": {"source": 4, "destination": 1, "distance": 1100}}, {"model": "station.route", "pk": 6, "fields": {"source": 1, "destination": 2, "distance": 1050}}, {"model": "station.route", "pk": 7, "fields": {"source": 9, "destination": 2, "distance": 1300}}, {"model": "station.route", "pk": 8, "fields": {"source": 2, "destination": 9, "distance": 1350}}, {"model": "station.traintype", "pk": 1, "fields": {"name": "Passenger"}}, {"model": "station.traintype", "pk": 2, "fields": {"name": "Freight"}}, {"model": "station.traintype", "pk": 3, "fields": {"name": "Night"}}, {"model": "station.train", "pk": 1, "fields": {"name": "Eurostar", "cargo_num": 6, "places_in_cargo": 60, "train_type": 1}}, {"model": "station.train", "pk": 2, "fields": {"name": "Thalys", "cargo_num": 5, "places_in_cargo": 50, "train_type": 1}}, {"model": "station.train", "pk": 3, "fields": {"name": "TGV", "cargo_num": 4, "places_in_cargo": 60, "train_type": 1}}, {"model": "station.train", "pk": 4, "fields": {"name": "ICE", "cargo_num": 4, "places_in_cargo": 40, "train_type": 1}}, {"model": "station.train", "pk": 5, "fields": {"name": "Intercity", "cargo_num": 7, "places_in_cargo": 50, "train_type": 1}}, {"model": "station.train", "pk": 6, "fields": {"name": "Eurostar", "cargo_num": 4, "places_in_cargo": 60, "train_type": 3}}, {"model": "station.crew", "pk": 1, "fields": {"first_name": "John", "last_name": "Doe"}}, {"model": "station.crew", "pk": 2, "fields": {"first_name": "Jane", "last_name": "Smith"}}, {"model": "station.crew", "pk": 3, "fields": {"first_name": "Michael", "last_name": "Johnson"}}, {"model": "station.crew", "pk": 4, "fields": {"first_name": "Emily", "last_name": "Williams"}}, {"model": "station.crew", "pk": 5, "fields": {"first_name": "David", "last_name": "Brown"}}, {"model": "station.crew", "pk": 6, "fields": {"first_name": "Mia", "last_name": "Anderson"}}, {"model": "station.crew", "pk": 7, "fields": {"first_name": "John", "last_name": "Doe"}}, {"model": "station.crew", "pk": 8, "fields": {"first_name": "John 2", "last_name": "Doe 2"}}, {"model": "station.journey", "pk": 1, "fields": {"route": 1, "train": 1, "departure_time": "2023-08-09T21:00:00Z", "arrival_time": "2023-08-11T03:00:00Z", "crews": [1]}}, {"model": "station.journey", "pk": 2, "fields": {"route": 2, "train": 2, "departure_time": "2023-08-11T03:00:00Z", "arrival_time": "2023-08-12T09:00:00Z", "crews": [2]}}, {"model": "station.journey", "pk": 3, "fields": {"route": 3, "train": 3, "departure_time": "2023-08-12T09:00:00Z", "arrival_time": "2023-08-13T15:00:00Z", "crews": [3]}}, {"model": "station.journey", "pk": 4, "fields": {"route": 4, "train": 4, "departure_time": "2023-08-13T15:00:00Z", "arrival_time": "2023-08-13T21:00:00Z", "crews": [4]}}, {"model": "station.journey", "pk": 5, "fields": {"route": 5, "train": 5, "departure_time": "2023-08-13T21:00:00Z", "arrival_time": "2023-08-15T09:00:00Z", "crews": [5]}}, {"model": "station.journey", "pk": 6, "fields": {"route": 6, "train": 1, "departure_time": "2023-08-23T09:00:00Z", "arrival_time": "2023-08-24T09:00:00Z", "crews": [2]}}, {"model": "station.journey", "pk": 7, "fields": {"route": 7, "train": 6, "departure_time": "2023-08-30T21:00:00Z", "arrival_time": "2023-09-01T04:00:00Z", "crews": [6]}}, {"model": "station.journey", "pk": 8, "fields": {"route": 7, "train": 1, "departure_time": "2023-08-10T19:51:00Z", "arrival_time": "2023-08-11T19:51:08Z", "crews": [1]}}, {"model": "station.order", "pk": 1, "fields": {"created_at": "2023-08-09T19:16:03.860Z", "user": 1}}, {"model": "station.order", "pk": 2, "fields": {"created_at": "2023-08-09T20:30:02.426Z", "user": 1}}, {"model": "station.order", "pk": 3, "fields": {"created_at": "2023-08-10T18:40:46.176Z", "user": 2}}, {"model": "station.order", "pk": 4, "fields": {"created_at": "2023-08-10T19:11:38.365Z", "user": 1}}, {"model": "station.order", "pk": 5, "fields": {"created_at": "2023-08-11T07:07:28.210Z", "user": 6}}, {"model": "station.ticket", "pk": 1, "fields": {"cargo": 1, "seat": 1, "journey": 7, "order": 1}}, {"model": "station.ticket", "pk": 2, "fields": {"cargo": 4, "seat": 60, "journey": 7, "order": 1}}, {"model": "station.ticket", "pk": 3, "fields": {"cargo": 1, "seat": 2, "journey": 7, "order": 2}}, {"model": "station.ticket", "pk": 4, "fields": {"cargo": 1, "seat": 3, "journey": 7, "order": 1}}, {"model": "station.ticket", "pk": 5, "fields": {"cargo": 3, "seat": 10, "journey": 4, "order": 3}}, {"model": "station.ticket", "pk": 6, "fields": {"cargo": 3, "seat": 11, "journey": 4, "order": 3}}, {"model": "station.ticket", "pk": 7, "fields": {"cargo": 1, "seat": 20, "journey": 7, "order": 4}}, {"model": "station.ticket", "pk": 8, "fields": {"cargo": 1, "seat": 21, "journey": 7, "order": 4}}, {"model": "station.ticket", "pk": 9, "fields": {"cargo": 2, "seat": 20, "journey": 7, "order": 5}}, {"model": "station.ticket", "pk": 10, "fields": {"cargo": 2, "seat": 21, "journey": 7, "order": 5}}, {"model": "user.user", "pk": 1, "fields": {"password": "pbkdf2_sha256$600000$pgASRy3HU57zexwJ5qmhP3$CmXyuTiUnupdWjAmcg/YN5P+eIdgBoL35HVXIX6AEiQ=", "last_login": "2023-09-10T16:19:10.460Z", "is_superuser": true, "first_name": "", "last_name": "", "is_staff": true, "is_active": true, "date_joined": "2023-08-09T14:59:17.127Z", "email": "admin@mail.com", "groups": [], "user_permissions": []}}, {"model": "user.user", "pk": 2, "fields": {"password": "pbkdf2_sha256$600000$0E23UjF7AumDgMgsYFQHsl$3yAlHsKjfnpw4Hb39fGGHpqCrm0gL53e9FbtrvF1Dco=", "last_login": null, "is_superuser": false, "first_name": "", "last_name": "", "is_staff": false, "is_active": true, "date_joined": "2023-08-10T18:31:50.077Z", "email": "test@mail.com", "groups": [], "user_permissions": []}}, {"model": "user.user", "pk": 3, "fields": {"password": "pbkdf2_sha256$600000$pB8W9ZjdAXhdykspex9lef$nnLMKy3E4AJP8DmypSuuTyn4LiKZSAGwjhCy8rO/HIg=", "last_login": null, "is_superuser": false, "first_name": "", "last_name": "", "is_staff": false, "is_active": true, "date_joined": "2023-08-10T20:45:03Z", "email": "passanger1@mail.com", "groups": [], "user_permissions": []}}, {"model": "user.user", "pk": 4, "fields": {"password": "pbkdf2_sha256$600000$RNHM4X29QnCqkf05SlBiPy$Un0Md+mQpz57Zg9AK8WDQLzaoh6KZ0HToUy58qcVIm0=", "last_login": null, "is_superuser": false, "first_name": "", "last_name": "", "is_staff": false, "is_active": true, "date_joined": "2023-08-10T21:30:05.457Z", "email": "passanger2@mail.com", "groups": [], "user_permissions": []}}, {"model": "user.user", "pk": 5, "fields": {"password": "pbkdf2_sha256$600000$EL8G4G80S6ziXuvSQgLLQC$dj2soJ4FPiLI9rBn+fJ1Im9j/XWVALLGx4pz4G+pGg4=", "last_login": null, "is_superuser": false, "first_name": "", "last_name": "", "is_staff": false, "is_active": true, "date_joined": "2023-08-10T22:05:03.589Z", "email": "passanger3@mail.com", "groups": [], "user_permissions": []}}, {"model": "user.user", "pk": 6, "fields": {"password": "pbkdf2_sha256$600000$1lyT6ianWimLL16bwAD12U$Pn2N70OooqNbXcDaXY+PYM/pPdWwUp+cZk+7ff435R4=", "last_login": null, "is_superuser": false, "first_name": "", "last_name": "", "is_staff": false, "is_active": true, "date_joined": "2023-08-11T07:03:49Z", "email": "passanger4@mail.com", "groups": [], "user_permissions": []}}]